delete from comments;
delete from post_tags;
delete from posts;
delete from tags;
delete from users;

insert into sparky.users(id, name, email, password_hash, signup_date, login_token, role) values (1, 'recklessptarmigan', 'recklessptarmigan@gmail.com', '$2a$10$ogRH8vB/VcFXa8FBFQwfQ.Ok28H3K1q6USOthK0PVRHHIc9t9OnOa', '2016-07-18 23:29', '', 'USER');
insert into sparky.users(id, name, email, password_hash, signup_date, login_token, role) values (2, 'unlawfulfalcon', 'unlawfulfalcon@gmail.com', '$2a$10$ogRH8vB/VcFXa8FBFQwfQ.Ok28H3K1q6USOthK0PVRHHIc9t9OnOa', '2016-11-13 11:47', '', 'USER');
insert into sparky.users(id, name, email, password_hash, signup_date, login_token, role) values (3, 'wackypeacock', 'wackypeacock@gmail.com', '$2a$10$ogRH8vB/VcFXa8FBFQwfQ.Ok28H3K1q6USOthK0PVRHHIc9t9OnOa', '2016-03-22 22:41', '', 'USER');
insert into sparky.users(id, name, email, password_hash, signup_date, login_token, role) values (4, 'remotekapi', 'remotekapi@gmail.com', '$2a$10$ogRH8vB/VcFXa8FBFQwfQ.Ok28H3K1q6USOthK0PVRHHIc9t9OnOa', '2016-05-17 18:43', '', 'USER');
insert into sparky.users(id, name, email, password_hash, signup_date, login_token, role) values (5, 'tiresomelark', 'tiresomelark@gmail.com', '$2a$10$ogRH8vB/VcFXa8FBFQwfQ.Ok28H3K1q6USOthK0PVRHHIc9t9OnOa', '2016-11-18 13:26', '', 'USER');
insert into sparky.users(id, name, email, password_hash, signup_date, login_token, role) values (6, 'magentahinds', 'magentahinds@gmail.com', '$2a$10$ogRH8vB/VcFXa8FBFQwfQ.Ok28H3K1q6USOthK0PVRHHIc9t9OnOa', '2016-12-29 08:50', '', 'USER');
insert into sparky.users(id, name, email, password_hash, signup_date, login_token, role) values (7, 'parchedthrushe', 'parchedthrushe@gmail.com', '$2a$10$ogRH8vB/VcFXa8FBFQwfQ.Ok28H3K1q6USOthK0PVRHHIc9t9OnOa', '2016-11-17 00:52', '', 'USER');
insert into sparky.users(id, name, email, password_hash, signup_date, login_token, role) values (8, 'amiableminnow', 'amiableminnow@gmail.com', '$2a$10$ogRH8vB/VcFXa8FBFQwfQ.Ok28H3K1q6USOthK0PVRHHIc9t9OnOa', '2016-12-01 19:39', '', 'USER');
insert into sparky.users(id, name, email, password_hash, signup_date, login_token, role) values (9, 'sparklingspoonbill', 'sparklingspoonbill@gmail.com', '$2a$10$ogRH8vB/VcFXa8FBFQwfQ.Ok28H3K1q6USOthK0PVRHHIc9t9OnOa', '2016-11-21 16:47', '', 'USER');
insert into sparky.users(id, name, email, password_hash, signup_date, login_token, role) values (10, 'decimalauk', 'decimalauk@gmail.com', '$2a$10$ogRH8vB/VcFXa8FBFQwfQ.Ok28H3K1q6USOthK0PVRHHIc9t9OnOa', '2016-08-07 15:53', '', 'USER');
insert into sparky.users(id, name, email, password_hash, signup_date, login_token, role) values (11, 'unkemptbobolink', 'unkemptbobolink@gmail.com', '$2a$10$ogRH8vB/VcFXa8FBFQwfQ.Ok28H3K1q6USOthK0PVRHHIc9t9OnOa', '2016-06-02 15:21', '', 'USER');
insert into sparky.users(id, name, email, password_hash, signup_date, login_token, role) values (12, 'quarterlycockroach', 'quarterlycockroach@gmail.com', '$2a$10$ogRH8vB/VcFXa8FBFQwfQ.Ok28H3K1q6USOthK0PVRHHIc9t9OnOa', '2016-03-08 09:58', '', 'USER');
insert into sparky.users(id, name, email, password_hash, signup_date, login_token, role) values (13, 'polishedmackerel', 'polishedmackerel@gmail.com', '$2a$10$ogRH8vB/VcFXa8FBFQwfQ.Ok28H3K1q6USOthK0PVRHHIc9t9OnOa', '2016-12-27 06:07', '', 'USER');
insert into sparky.users(id, name, email, password_hash, signup_date, login_token, role) values (14, 'frivolouscur', 'frivolouscur@gmail.com', '$2a$10$ogRH8vB/VcFXa8FBFQwfQ.Ok28H3K1q6USOthK0PVRHHIc9t9OnOa', '2016-05-23 09:37', '', 'USER');
insert into sparky.tags (id, name) values (7, 'ciekawostki');
insert into sparky.tags (id, name) values (10, 'gluten');
insert into sparky.tags (id, name) values (11, 'gotowanie');
insert into sparky.tags (id, name) values (5, 'gry');
insert into sparky.tags (id, name) values (8, 'humor');
insert into sparky.tags (id, name) values (3, 'koty');
insert into sparky.tags (id, name) values (1, 'muzyka');
insert into sparky.tags (id, name) values (9, 'news');
insert into sparky.tags (id, name) values (6, 'polityka');
insert into sparky.tags (id, name) values (2, 'psy');
insert into sparky.tags (id, name) values (4, 'pytanie');
insert into sparky.posts (id, user_id, post_date, message, image_path) values (1, 5, '2016-06-12 09:58', '. Aenean non sem quis urna tempor tincidunt vel tincidunt tortor. Ut posuere nisi lacus, #news vitae ultricies erat hendrerit tincidun', 'assets/images/2.jpg');
insert into sparky.post_tags (post_id, tag_id) values (1, 9);
insert into sparky.posts (id, user_id, post_date, message, image_path) values (2, 10, '2016-02-04 18:55', '. Praesent enim enim, fringilla vel neque in, dapibus fringilla #muzyka eros. Integer laoreet ex sed odio #gluten elementum, vel tempus nisl lao', 'assets/images/3.jpg');
insert into sparky.post_tags (post_id, tag_id) values (2, 10);
insert into sparky.post_tags (post_id, tag_id) values (2, 1);
insert into sparky.posts (id, user_id, post_date, message, image_path) values (3, 13, '2016-10-16 03:12', 'tora torquent per conubia nostra, per inceptos himenaeos. Donec ac lorem ante. Sed dolor sem, ornare #gry eget #news efficitur ut, mollis e', 'assets/images/14.jpg');
insert into sparky.post_tags (post_id, tag_id) values (3, 9);
insert into sparky.post_tags (post_id, tag_id) values (3, 5);
insert into sparky.posts (id, user_id, post_date, message, image_path) values (4, 5, '2016-08-18 13:55', 'na tempor lobortis. Sed sed urna eu mi finibus consectetur #koty et euismod odio. In non feugiat #muzyka arcu. #gluten Etiam placerat eu nisi non pret', '');
insert into sparky.post_tags (post_id, tag_id) values (4, 10);
insert into sparky.post_tags (post_id, tag_id) values (4, 1);
insert into sparky.post_tags (post_id, tag_id) values (4, 3);
insert into sparky.posts (id, user_id, post_date, message, image_path) values (5, 6, '2016-08-25 21:06', 'on orci condimentum luctus. Maecenas #koty at ex metus. Aliquam consectetur, lacus in iaculis elementum, nunc est #polityka lacinia tellus, #ciekawostki sit ', '');
insert into sparky.post_tags (post_id, tag_id) values (5, 7);
insert into sparky.post_tags (post_id, tag_id) values (5, 6);
insert into sparky.post_tags (post_id, tag_id) values (5, 3);
insert into sparky.posts (id, user_id, post_date, message, image_path) values (6, 8, '2016-04-29 03:25', 'non orci condimentum luctus. Maecenas at ex metus. Aliquam consectetur, lacus in #ciekawostki iaculis elementum, nunc est #news #psy lacinia tellus, sit', 'assets/images/5.jpg');
insert into sparky.post_tags (post_id, tag_id) values (6, 9);
insert into sparky.post_tags (post_id, tag_id) values (6, 7);
insert into sparky.post_tags (post_id, tag_id) values (6, 2);
insert into sparky.posts (id, user_id, post_date, message, image_path) values (7, 13, '2016-06-15 11:24', 'eet dolor leo, imperdiet lacinia magna tempor lobortis. Sed sed urna #ciekawostki eu #polityka mi #humor finibus consectetur et euismod odio. In non feugiat a', '');
insert into sparky.post_tags (post_id, tag_id) values (7, 7);
insert into sparky.post_tags (post_id, tag_id) values (7, 8);
insert into sparky.post_tags (post_id, tag_id) values (7, 6);
insert into sparky.posts (id, user_id, post_date, message, image_path) values (8, 11, '2016-11-27 05:58', 's, imperdiet mollis aliquam euismod, fringilla #ciekawostki ac #gotowanie nibh. Curabitur eleifend sed purus #koty nec suscipit.Morbi efficitur sollicitudin l', '');
insert into sparky.post_tags (post_id, tag_id) values (8, 7);
insert into sparky.post_tags (post_id, tag_id) values (8, 3);
insert into sparky.post_tags (post_id, tag_id) values (8, 11);
insert into sparky.posts (id, user_id, post_date, message, image_path) values (9, 8, '2016-02-25 12:25', 'm enim, fringilla vel neque in, dapibus fringilla eros. Integer #gluten laoreet #humor ex sed odio elementum, vel tempus nisl laoreet.Proin lao', '');
insert into sparky.post_tags (post_id, tag_id) values (9, 10);
insert into sparky.post_tags (post_id, tag_id) values (9, 8);
insert into sparky.posts (id, user_id, post_date, message, image_path) values (10, 14, '2016-03-18 21:54', ' fermentum elit sit amet accumsan. #gluten Etiam porttitor nisl a tincidunt placerat. Nullam nec dapibus magna, eget aliquet nunc. Cras ', 'assets/images/11.jpg');
insert into sparky.post_tags (post_id, tag_id) values (10, 10);
insert into sparky.posts (id, user_id, post_date, message, image_path) values (11, 10, '2016-04-15 04:59', 'lerisque #koty #pytanie diam ac egestas fermentum. Proin sit amet mattis quam. Sed dictum nulla id viverra tincidunt.Nulla facilisi. Fusce maxi', '');
insert into sparky.post_tags (post_id, tag_id) values (11, 4);
insert into sparky.post_tags (post_id, tag_id) values (11, 3);
insert into sparky.posts (id, user_id, post_date, message, image_path) values (12, 14, '2016-02-24 01:26', '#ciekawostki ellentesque quis ipsum et sapien euismod consequat. Pellentesque semper nunc enim, quis #polityka volutpat risus sollicitudin vel. Aliquam', 'assets/images/8.jpg');
insert into sparky.post_tags (post_id, tag_id) values (12, 7);
insert into sparky.post_tags (post_id, tag_id) values (12, 6);
insert into sparky.posts (id, user_id, post_date, message, image_path) values (13, 6, '2016-12-15 04:55', 'ing elit. Pellentesque quis ipsum et sapien euismod #gluten consequat. Pellentesque semper nunc enim, quis volutpat risus sollicitudin v', 'assets/images/13.jpg');
insert into sparky.post_tags (post_id, tag_id) values (13, 10);
insert into sparky.posts (id, user_id, post_date, message, image_path) values (14, 11, '2016-12-16 20:05', 'incidunt neque dignissim dapibus. Aliquam sed dictum nibh. Cras a faucibus elit, ultrices finibus orci. #muzyka Nullam fermentum #news ligula ', 'assets/images/16.jpg');
insert into sparky.post_tags (post_id, tag_id) values (14, 9);
insert into sparky.post_tags (post_id, tag_id) values (14, 1);
insert into sparky.posts (id, user_id, post_date, message, image_path) values (15, 8, '2016-06-02 22:17', 'si non pretium. In euismod dolor tincidunt neque dignissim dapibus. #gluten Aliquam #pytanie sed dictum nibh. Cras a faucibus #polityka elit, ultrices fini', 'assets/images/9.jpg');
insert into sparky.post_tags (post_id, tag_id) values (15, 4);
insert into sparky.post_tags (post_id, tag_id) values (15, 10);
insert into sparky.post_tags (post_id, tag_id) values (15, 6);
insert into sparky.posts (id, user_id, post_date, message, image_path) values (16, 7, '2016-11-29 20:12', 'semper nunc enim, quis volutpat risus sollicitudin vel. Aliquam #koty in quam non urna iaculis dapibus. Class aptent #ciekawostki taciti sociosqu a', 'assets/images/9.jpg');
insert into sparky.post_tags (post_id, tag_id) values (16, 7);
insert into sparky.post_tags (post_id, tag_id) values (16, 3);
insert into sparky.posts (id, user_id, post_date, message, image_path) values (17, 13, '2017-01-01 00:57', 'dunt.Nulla facilisi. Fusce maximus ipsum #gluten sodales tellus commodo vestibulum. Donec felis est, blandit sit amet neque at, convalli', 'assets/images/16.jpg');
insert into sparky.post_tags (post_id, tag_id) values (17, 10);
insert into sparky.posts (id, user_id, post_date, message, image_path) values (18, 9, '2016-08-30 08:10', 'aoreet. Aenean non sem quis urna tempor #muzyka tincidunt vel tincidunt tortor. Ut #psy posuere nisi lacus, vitae ultricies erat hendrerit ti', '');
insert into sparky.post_tags (post_id, tag_id) values (18, 1);
insert into sparky.post_tags (post_id, tag_id) values (18, 2);
insert into sparky.posts (id, user_id, post_date, message, image_path) values (19, 10, '2016-12-20 15:58', 'mod dolor tincidunt neque dignissim dapibus. Aliquam sed dictum nibh. #ciekawostki Cras a faucibus elit, ultrices finibus orci. Nullam fermen', 'assets/images/3.jpg');
insert into sparky.post_tags (post_id, tag_id) values (19, 7);
insert into sparky.posts (id, user_id, post_date, message, image_path) values (20, 5, '2016-04-05 01:43', ' semper dolor non orci condimentum luctus. Maecenas at ex metus. Aliquam #ciekawostki consectetur, #polityka lacus in iaculis elementum, nunc est lacin', '');
insert into sparky.post_tags (post_id, tag_id) values (20, 7);
insert into sparky.post_tags (post_id, tag_id) values (20, 6);
insert into sparky.posts (id, user_id, post_date, message, image_path) values (21, 11, '2016-11-12 16:03', '#gotowanie s ac turpis egestas. Ut semper dolor non orci condimentum luctus. Maecenas at ex metus. Aliquam consectetur, #gry lacus #humor in iaculis el', '');
insert into sparky.post_tags (post_id, tag_id) values (21, 8);
insert into sparky.post_tags (post_id, tag_id) values (21, 11);
insert into sparky.post_tags (post_id, tag_id) values (21, 5);
insert into sparky.posts (id, user_id, post_date, message, image_path) values (22, 4, '2016-05-04 18:12', 'lus, sit amet laoreet #gotowanie odio #humor dui a leo. Cras #gry lectus risus, imperdiet mollis aliquam euismod, fringilla ac nibh. Curabitur eleifend', '');
insert into sparky.post_tags (post_id, tag_id) values (22, 8);
insert into sparky.post_tags (post_id, tag_id) values (22, 11);
insert into sparky.post_tags (post_id, tag_id) values (22, 5);
insert into sparky.posts (id, user_id, post_date, message, image_path) values (23, 9, '2016-09-13 10:47', 'c felis est, blandit sit amet neque at, convallis lobortis #psy eros. #pytanie Duis accumsan sagittis suscipit. Proin egestas fermentum elit s', 'assets/images/12.jpg');
insert into sparky.post_tags (post_id, tag_id) values (23, 4);
insert into sparky.post_tags (post_id, tag_id) values (23, 2);
insert into sparky.posts (id, user_id, post_date, message, image_path) values (24, 2, '2016-09-03 02:54', 'iverra tincidunt.Nulla facilisi. #ciekawostki Fusce maximus ipsum sodales tellus commodo vestibulum. Donec felis est, blandit sit amet #gotowanie neque ', 'assets/images/13.jpg');
insert into sparky.post_tags (post_id, tag_id) values (24, 7);
insert into sparky.post_tags (post_id, tag_id) values (24, 11);
insert into sparky.posts (id, user_id, post_date, message, image_path) values (25, 12, '2016-05-03 07:34', '#gotowanie unt neque dignissim dapibus. #gluten Aliquam sed dictum nibh. Cras a faucibus elit, ultrices finibus orci. Nullam fermentum ligula nec o', 'assets/images/12.jpg');
insert into sparky.post_tags (post_id, tag_id) values (25, 10);
insert into sparky.post_tags (post_id, tag_id) values (25, 11);
insert into sparky.posts (id, user_id, post_date, message, image_path) values (26, 14, '2016-10-08 09:32', '. Sed sed #muzyka urna eu mi finibus consectetur et #humor #ciekawostki euismod odio. In non feugiat arcu. Etiam placerat eu nisi non pretium. In euismod do', 'assets/images/7.jpg');
insert into sparky.post_tags (post_id, tag_id) values (26, 7);
insert into sparky.post_tags (post_id, tag_id) values (26, 8);
insert into sparky.post_tags (post_id, tag_id) values (26, 1);
insert into sparky.posts (id, user_id, post_date, message, image_path) values (27, 10, '2016-02-22 02:39', 'stas. Ut #pytanie semper dolor non orci condimentum #news #polityka luctus. Maecenas at ex metus. Aliquam consectetur, lacus in iaculis elementum, nunc e', 'assets/images/7.jpg');
insert into sparky.post_tags (post_id, tag_id) values (27, 9);
insert into sparky.post_tags (post_id, tag_id) values (27, 4);
insert into sparky.post_tags (post_id, tag_id) values (27, 6);
insert into sparky.posts (id, user_id, post_date, message, image_path) values (28, 12, '2016-03-17 06:12', 's, sit amet laoreet odio dui a leo. #pytanie Cras lectus risus, imperdiet #humor mollis aliquam euismod, fringilla ac nibh. Curabitur eleifend s', 'assets/images/10.jpg');
insert into sparky.post_tags (post_id, tag_id) values (28, 4);
insert into sparky.post_tags (post_id, tag_id) values (28, 8);
insert into sparky.posts (id, user_id, post_date, message, image_path) values (29, 12, '2016-06-04 10:41', 'unc ultricies ut. Sed bibendum sollicitudin quam quis faucibus. Donec venenatis pellentesque orci id imperdiet. #gotowanie Suspendisse pote', '');
insert into sparky.post_tags (post_id, tag_id) values (29, 11);
insert into sparky.posts (id, user_id, post_date, message, image_path) values (30, 2, '2016-05-31 04:21', 'tur sollicitudin #ciekawostki lorem, #humor at pretium #gotowanie nunc ultricies ut. Sed bibendum sollicitudin quam quis faucibus. Donec venenatis pellentesque', '');
insert into sparky.post_tags (post_id, tag_id) values (30, 7);
insert into sparky.post_tags (post_id, tag_id) values (30, 8);
insert into sparky.post_tags (post_id, tag_id) values (30, 11);
insert into sparky.posts (id, user_id, post_date, message, image_path) values (31, 11, '2016-09-19 21:01', '#pytanie leo, imperdiet lacinia magna tempor lobortis. Sed sed urna eu mi finibus consectetur et euismod odio. In #psy non feugiat arcu. Etiam', '');
insert into sparky.post_tags (post_id, tag_id) values (31, 4);
insert into sparky.post_tags (post_id, tag_id) values (31, 2);
insert into sparky.posts (id, user_id, post_date, message, image_path) values (32, 14, '2016-05-23 14:11', 'ssim dapibus. Aliquam #pytanie sed dictum nibh. Cras a faucibus elit, ultrices finibus orci. #gluten Nullam fermentum ligula nec orci cursus iacu', '');
insert into sparky.post_tags (post_id, tag_id) values (32, 4);
insert into sparky.post_tags (post_id, tag_id) values (32, 10);
insert into sparky.posts (id, user_id, post_date, message, image_path) values (33, 5, '2016-07-14 02:46', ' Cras a #ciekawostki faucibus #gry elit, ultrices #pytanie finibus orci. Nullam fermentum ligula nec orci cursus iaculis. Vivamus odio enim, tempus element', '');
insert into sparky.post_tags (post_id, tag_id) values (33, 4);
insert into sparky.post_tags (post_id, tag_id) values (33, 7);
insert into sparky.post_tags (post_id, tag_id) values (33, 5);
insert into sparky.posts (id, user_id, post_date, message, image_path) values (34, 8, '2016-08-13 11:32', 'ass aptent taciti sociosqu ad litora torquent #news per conubia nostra, per inceptos himenaeos. Donec ac lorem ante. Sed dolor sem, or', 'assets/images/7.jpg');
insert into sparky.post_tags (post_id, tag_id) values (34, 9);
insert into sparky.posts (id, user_id, post_date, message, image_path) values (35, 8, '2016-05-10 03:19', 'get aliquet nunc. Cras id sem ipsum. Praesent enim enim, fringilla #news vel neque in, dapibus fringilla eros. Integer laoreet ex #psy sed ', 'assets/images/5.jpg');
insert into sparky.post_tags (post_id, tag_id) values (35, 9);
insert into sparky.post_tags (post_id, tag_id) values (35, 2);
insert into sparky.posts (id, user_id, post_date, message, image_path) values (36, 13, '2016-08-24 00:55', '. Curabitur eleifend sed purus nec suscipit.Morbi efficitur #pytanie sollicitudin lorem, at pretium nunc ultricies ut. Sed bibendum solli', '');
insert into sparky.post_tags (post_id, tag_id) values (36, 4);
insert into sparky.posts (id, user_id, post_date, message, image_path) values (37, 3, '2016-10-20 14:55', ' quis volutpat #gluten risus sollicitudin vel. #psy Aliquam in quam #humor non urna iaculis dapibus. Class aptent taciti sociosqu ad litora torquent', '');
insert into sparky.post_tags (post_id, tag_id) values (37, 10);
insert into sparky.post_tags (post_id, tag_id) values (37, 8);
insert into sparky.post_tags (post_id, tag_id) values (37, 2);
insert into sparky.posts (id, user_id, post_date, message, image_path) values (38, 2, '2016-10-26 22:00', 'um et sapien euismod #polityka consequat. #psy Pellentesque semper nunc enim, quis volutpat risus sollicitudin vel. Aliquam #koty in quam non urna ia', '');
insert into sparky.post_tags (post_id, tag_id) values (38, 6);
insert into sparky.post_tags (post_id, tag_id) values (38, 2);
insert into sparky.post_tags (post_id, tag_id) values (38, 3);
insert into sparky.posts (id, user_id, post_date, message, image_path) values (39, 2, '2016-03-27 02:48', 'laoreet dolor leo, imperdiet lacinia #news #muzyka magna tempor lobortis. Sed sed urna eu mi finibus consectetur et euismod odio. #gotowanie In non feugi', 'assets/images/6.jpg');
insert into sparky.post_tags (post_id, tag_id) values (39, 9);
insert into sparky.post_tags (post_id, tag_id) values (39, 1);
insert into sparky.post_tags (post_id, tag_id) values (39, 11);
insert into sparky.posts (id, user_id, post_date, message, image_path) values (40, 7, '2016-11-14 00:53', 'unt.Nulla facilisi. Fusce maximus ipsum sodales tellus commodo vestibulum. Donec #koty felis est, blandit sit amet neque at, convallis', '');
insert into sparky.post_tags (post_id, tag_id) values (40, 3);
insert into sparky.posts (id, user_id, post_date, message, image_path) values (41, 9, '2016-12-07 06:04', ' faucibus. Donec venenatis pellentesque orci id imperdiet. #news Suspendisse potenti. #koty Mauris scelerisque diam ac egestas fermentum. Pr', 'assets/images/16.jpg');
insert into sparky.post_tags (post_id, tag_id) values (41, 9);
insert into sparky.post_tags (post_id, tag_id) values (41, 3);
insert into sparky.posts (id, user_id, post_date, message, image_path) values (42, 5, '2016-08-04 00:42', 'Sed dolor sem, ornare eget efficitur ut, mollis et arcu. Nam #psy #muzyka vitae nisl diam. #news Pellentesque habitant morbi tristique senectus et ', 'assets/images/9.jpg');
insert into sparky.post_tags (post_id, tag_id) values (42, 9);
insert into sparky.post_tags (post_id, tag_id) values (42, 1);
insert into sparky.post_tags (post_id, tag_id) values (42, 2);
insert into sparky.posts (id, user_id, post_date, message, image_path) values (43, 7, '2016-09-04 13:36', 'ra tincidunt.Nulla facilisi. Fusce maximus ipsum #gry sodales tellus commodo vestibulum. Donec felis est, blandit sit amet neque at, ', 'assets/images/6.jpg');
insert into sparky.post_tags (post_id, tag_id) values (43, 5);
insert into sparky.posts (id, user_id, post_date, message, image_path) values (44, 6, '2016-06-18 20:25', 'lis. Vivamus odio enim, tempus elementum #polityka nisi non, consectetur dapibus nibh. Etiam eget finibus lorem, sit amet faucibus ante. N', 'assets/images/14.jpg');
insert into sparky.post_tags (post_id, tag_id) values (44, 6);
insert into sparky.posts (id, user_id, post_date, message, image_path) values (45, 13, '2016-04-10 13:15', 'malesuada fames ac #news turpis egestas. Ut semper dolor non orci condimentum luctus. #gluten #psy Maecenas at ex metus. Aliquam consectetur, lacus', 'assets/images/6.jpg');
insert into sparky.post_tags (post_id, tag_id) values (45, 9);
insert into sparky.post_tags (post_id, tag_id) values (45, 10);
insert into sparky.post_tags (post_id, tag_id) values (45, 2);
insert into sparky.posts (id, user_id, post_date, message, image_path) values (46, 8, '2016-02-29 00:56', 'lla vel neque in, dapibus fringilla eros. Integer laoreet ex sed odio #pytanie elementum, #news vel tempus nisl laoreet.Proin laoreet dolor leo', '');
insert into sparky.post_tags (post_id, tag_id) values (46, 9);
insert into sparky.post_tags (post_id, tag_id) values (46, 4);
insert into sparky.posts (id, user_id, post_date, message, image_path) values (47, 7, '2016-07-09 20:37', 'us #ciekawostki orci. #gluten Nullam fermentum ligula nec #muzyka orci cursus iaculis. Vivamus odio enim, tempus elementum nisi non, consectetur dapibus nibh', '');
insert into sparky.post_tags (post_id, tag_id) values (47, 7);
insert into sparky.post_tags (post_id, tag_id) values (47, 10);
insert into sparky.post_tags (post_id, tag_id) values (47, 1);
insert into sparky.posts (id, user_id, post_date, message, image_path) values (48, 4, '2016-07-22 20:44', 'pibus nibh. Etiam eget finibus lorem, sit amet faucibus #muzyka ante. Nulla lobortis #psy #news ipsum quis nulla pellentesque laoreet. Aenean non s', 'assets/images/14.jpg');
insert into sparky.post_tags (post_id, tag_id) values (48, 9);
insert into sparky.post_tags (post_id, tag_id) values (48, 1);
insert into sparky.post_tags (post_id, tag_id) values (48, 2);
insert into sparky.posts (id, user_id, post_date, message, image_path) values (49, 1, '2016-05-15 19:18', 'est lacinia tellus, sit amet laoreet odio dui a leo. Cras lectus risus, #news imperdiet mollis aliquam euismod, fringilla ac nibh. Cur', '');
insert into sparky.post_tags (post_id, tag_id) values (49, 9);
insert into sparky.posts (id, user_id, post_date, message, image_path) values (50, 12, '2016-10-22 02:14', ' Aliquam consectetur, lacus in iaculis elementum, nunc est lacinia tellus, #muzyka sit amet laoreet odio dui a leo. Cras #gry lectus risus, i', 'assets/images/7.jpg');
insert into sparky.post_tags (post_id, tag_id) values (50, 1);
insert into sparky.post_tags (post_id, tag_id) values (50, 5);
insert into sparky.posts (id, user_id, post_date, message, image_path) values (51, 11, '2016-04-27 05:39', 'd, fringilla ac nibh. Curabitur eleifend sed purus #polityka #gotowanie nec suscipit.Morbi efficitur #muzyka sollicitudin lorem, at pretium nunc ultricies ut', 'assets/images/14.jpg');
insert into sparky.post_tags (post_id, tag_id) values (51, 1);
insert into sparky.post_tags (post_id, tag_id) values (51, 6);
insert into sparky.post_tags (post_id, tag_id) values (51, 11);
insert into sparky.posts (id, user_id, post_date, message, image_path) values (52, 3, '2016-08-03 09:30', ' fermentum. Proin sit amet mattis #muzyka quam. #ciekawostki Sed dictum #gotowanie nulla id viverra tincidunt.Nulla facilisi. Fusce maximus ipsum sodales tellus', 'assets/images/13.jpg');
insert into sparky.post_tags (post_id, tag_id) values (52, 7);
insert into sparky.post_tags (post_id, tag_id) values (52, 1);
insert into sparky.post_tags (post_id, tag_id) values (52, 11);
insert into sparky.posts (id, user_id, post_date, message, image_path) values (53, 6, '2016-10-21 15:00', 'lla facilisi. Fusce maximus ipsum #gry sodales tellus commodo vestibulum. Donec #muzyka felis est, blandit sit amet neque at, convallis lobor', '');
insert into sparky.post_tags (post_id, tag_id) values (53, 1);
insert into sparky.post_tags (post_id, tag_id) values (53, 5);
insert into sparky.posts (id, user_id, post_date, message, image_path) values (54, 10, '2016-04-22 05:59', 's lectus risus, imperdiet mollis aliquam euismod, fringilla ac nibh. Curabitur eleifend sed purus nec #news suscipit.Morbi #pytanie #polityka efficitur s', '');
insert into sparky.post_tags (post_id, tag_id) values (54, 9);
insert into sparky.post_tags (post_id, tag_id) values (54, 4);
insert into sparky.post_tags (post_id, tag_id) values (54, 6);
insert into sparky.posts (id, user_id, post_date, message, image_path) values (55, 5, '2016-07-19 18:02', 'diet lacinia magna tempor lobortis. #muzyka Sed #news sed urna eu mi finibus consectetur et euismod #koty odio. In non feugiat arcu. Etiam placerat ', 'assets/images/8.jpg');
insert into sparky.post_tags (post_id, tag_id) values (55, 9);
insert into sparky.post_tags (post_id, tag_id) values (55, 1);
insert into sparky.post_tags (post_id, tag_id) values (55, 3);
insert into sparky.posts (id, user_id, post_date, message, image_path) values (56, 11, '2016-10-13 02:51', ' et sapien euismod consequat. Pellentesque semper nunc enim, quis volutpat risus sollicitudin vel. #gluten Aliquam in #muzyka quam non #gry urna iacu', 'assets/images/13.jpg');
insert into sparky.post_tags (post_id, tag_id) values (56, 10);
insert into sparky.post_tags (post_id, tag_id) values (56, 1);
insert into sparky.post_tags (post_id, tag_id) values (56, 5);
insert into sparky.posts (id, user_id, post_date, message, image_path) values (57, 4, '2016-08-06 12:19', ' torquent per conubia nostra, per inceptos #gluten himenaeos. Donec ac #gotowanie lorem ante. Sed dolor sem, ornare eget efficitur ut, mollis et ar', 'assets/images/15.jpg');
insert into sparky.post_tags (post_id, tag_id) values (57, 10);
insert into sparky.post_tags (post_id, tag_id) values (57, 11);
insert into sparky.posts (id, user_id, post_date, message, image_path) values (58, 9, '2016-04-03 18:58', 'elit, ultrices #polityka finibus orci. Nullam fermentum ligula nec orci cursus iaculis. Vivamus odio enim, tempus elementum nisi non, cons', '');
insert into sparky.post_tags (post_id, tag_id) values (58, 6);
insert into sparky.posts (id, user_id, post_date, message, image_path) values (59, 3, '2016-07-15 20:43', 'l laoreet.Proin laoreet dolor #pytanie leo, imperdiet lacinia magna tempor #humor lobortis. Sed sed urna eu mi finibus consectetur #ciekawostki et euismod od', 'assets/images/11.jpg');
insert into sparky.post_tags (post_id, tag_id) values (59, 4);
insert into sparky.post_tags (post_id, tag_id) values (59, 7);
insert into sparky.post_tags (post_id, tag_id) values (59, 8);
insert into sparky.posts (id, user_id, post_date, message, image_path) values (60, 6, '2016-08-21 06:08', '#gotowanie  accumsan sagittis suscipit. Proin egestas fermentum elit #ciekawostki sit amet accumsan. #polityka Etiam porttitor nisl a #humor tincidunt placerat. Nullam n', '');
insert into sparky.post_tags (post_id, tag_id) values (60, 7);
insert into sparky.post_tags (post_id, tag_id) values (60, 8);
insert into sparky.post_tags (post_id, tag_id) values (60, 6);
insert into sparky.post_tags (post_id, tag_id) values (60, 11);
insert into sparky.posts (id, user_id, post_date, message, image_path) values (61, 3, '2016-06-07 00:41', 'r nisl a #gotowanie tincidunt placerat. Nullam nec dapibus magna, eget aliquet nunc. Cras #psy id sem ipsum. Praesent enim enim, fringilla vel n', 'assets/images/14.jpg');
insert into sparky.post_tags (post_id, tag_id) values (61, 2);
insert into sparky.post_tags (post_id, tag_id) values (61, 11);
insert into sparky.posts (id, user_id, post_date, message, image_path) values (62, 7, '2016-03-16 19:33', 'it.Morbi efficitur sollicitudin lorem, at pretium #pytanie nunc ultricies ut. #ciekawostki Sed bibendum sollicitudin quam #psy quis faucibus. Donec venenat', '');
insert into sparky.post_tags (post_id, tag_id) values (62, 4);
insert into sparky.post_tags (post_id, tag_id) values (62, 7);
insert into sparky.post_tags (post_id, tag_id) values (62, 2);
insert into sparky.posts (id, user_id, post_date, message, image_path) values (63, 5, '2016-05-13 06:12', 'sit #news amet faucibus ante. Nulla lobortis ipsum quis nulla pellentesque laoreet. Aenean non sem quis urna tempor tincidunt vel tinc', 'assets/images/8.jpg');
insert into sparky.post_tags (post_id, tag_id) values (63, 9);
insert into sparky.posts (id, user_id, post_date, message, image_path) values (64, 1, '2016-08-30 10:55', 'llentesque laoreet. Aenean non sem quis urna #pytanie tempor tincidunt vel tincidunt tortor. Ut #gotowanie posuere nisi lacus, vitae ultricies #polityka erat ', '');
insert into sparky.post_tags (post_id, tag_id) values (64, 4);
insert into sparky.post_tags (post_id, tag_id) values (64, 6);
insert into sparky.post_tags (post_id, tag_id) values (64, 11);
insert into sparky.posts (id, user_id, post_date, message, image_path) values (65, 1, '2016-04-25 16:24', 's commodo vestibulum. Donec felis est, blandit #muzyka sit amet #ciekawostki neque #gluten at, convallis lobortis eros. Duis accumsan sagittis suscipit. Proi', '');
insert into sparky.post_tags (post_id, tag_id) values (65, 10);
insert into sparky.post_tags (post_id, tag_id) values (65, 7);
insert into sparky.post_tags (post_id, tag_id) values (65, 1);
insert into sparky.posts (id, user_id, post_date, message, image_path) values (66, 10, '2016-03-29 13:42', 's #gry nec #polityka suscipit.Morbi efficitur sollicitudin lorem, at pretium nunc ultricies ut. Sed bibendum sollicitudin quam quis faucibus. D', '');
insert into sparky.post_tags (post_id, tag_id) values (66, 6);
insert into sparky.post_tags (post_id, tag_id) values (66, 5);
insert into sparky.posts (id, user_id, post_date, message, image_path) values (67, 14, '2016-09-20 13:31', 'tellus, sit amet laoreet odio dui a leo. Cras lectus risus, imperdiet #muzyka mollis aliquam euismod, fringilla ac #humor nibh. Curabitur eleif', '');
insert into sparky.post_tags (post_id, tag_id) values (67, 8);
insert into sparky.post_tags (post_id, tag_id) values (67, 1);
insert into sparky.posts (id, user_id, post_date, message, image_path) values (68, 12, '2016-11-10 20:02', 'esuada fames ac turpis egestas. Ut semper dolor non #psy #muzyka #gotowanie orci condimentum luctus. Maecenas at ex metus. Aliquam consectetur, lacus in', '');
insert into sparky.post_tags (post_id, tag_id) values (68, 1);
insert into sparky.post_tags (post_id, tag_id) values (68, 2);
insert into sparky.post_tags (post_id, tag_id) values (68, 11);
insert into sparky.posts (id, user_id, post_date, message, image_path) values (69, 11, '2016-12-01 01:42', 'enim, tempus elementum nisi non, consectetur dapibus nibh. Etiam eget finibus lorem, sit amet faucibus ante. Nulla #koty lobortis ipsu', '');
insert into sparky.post_tags (post_id, tag_id) values (69, 3);
insert into sparky.posts (id, user_id, post_date, message, image_path) values (70, 1, '2016-09-03 10:29', 'aculis elementum, nunc est lacinia #humor tellus, #news #gotowanie sit amet laoreet odio dui a leo. Cras lectus risus, imperdiet mollis #gry aliquam euismod,', 'assets/images/10.jpg');
insert into sparky.post_tags (post_id, tag_id) values (70, 9);
insert into sparky.post_tags (post_id, tag_id) values (70, 8);
insert into sparky.post_tags (post_id, tag_id) values (70, 11);
insert into sparky.post_tags (post_id, tag_id) values (70, 5);
insert into sparky.posts (id, user_id, post_date, message, image_path) values (71, 5, '2016-04-13 02:19', 'e quis ipsum et sapien euismod consequat. Pellentesque semper nunc enim, quis #polityka volutpat risus sollicitudin #koty vel. Aliquam in quam n', 'assets/images/7.jpg');
insert into sparky.post_tags (post_id, tag_id) values (71, 6);
insert into sparky.post_tags (post_id, tag_id) values (71, 3);
insert into sparky.posts (id, user_id, post_date, message, image_path) values (72, 13, '2016-03-28 04:22', 'o, imperdiet #koty lacinia magna tempor lobortis. Sed sed urna eu mi finibus #psy consectetur et euismod odio. In non feugiat arcu. Etiam p', 'assets/images/14.jpg');
insert into sparky.post_tags (post_id, tag_id) values (72, 2);
insert into sparky.post_tags (post_id, tag_id) values (72, 3);
insert into sparky.posts (id, user_id, post_date, message, image_path) values (73, 8, '2016-12-13 16:56', 'm #pytanie nec dapibus magna, eget aliquet nunc. Cras id sem ipsum. Praesent enim enim, fringilla vel neque in, dapibus fringilla eros. I', 'assets/images/6.jpg');
insert into sparky.post_tags (post_id, tag_id) values (73, 4);
insert into sparky.posts (id, user_id, post_date, message, image_path) values (74, 8, '2016-03-04 08:53', 'st lacinia tellus, sit amet laoreet odio dui a leo. Cras #gotowanie #humor lectus risus, imperdiet mollis aliquam euismod, fringilla ac nibh. Cura', 'assets/images/15.jpg');
insert into sparky.post_tags (post_id, tag_id) values (74, 8);
insert into sparky.post_tags (post_id, tag_id) values (74, 11);
insert into sparky.posts (id, user_id, post_date, message, image_path) values (75, 3, '2016-10-21 15:08', ' ipsum dolor sit amet, consectetur adipiscing elit. Pellentesque #gluten quis #polityka ipsum et sapien #gotowanie euismod #news consequat. Pellentesque semper nun', 'assets/images/7.jpg');
insert into sparky.post_tags (post_id, tag_id) values (75, 9);
insert into sparky.post_tags (post_id, tag_id) values (75, 10);
insert into sparky.post_tags (post_id, tag_id) values (75, 6);
insert into sparky.post_tags (post_id, tag_id) values (75, 11);
insert into sparky.posts (id, user_id, post_date, message, image_path) values (76, 7, '2016-04-26 10:42', 'oin #koty egestas fermentum elit #psy sit amet accumsan. Etiam porttitor nisl a tincidunt placerat. Nullam nec dapibus magna, #ciekawostki eget aliquet ', 'assets/images/7.jpg');
insert into sparky.post_tags (post_id, tag_id) values (76, 7);
insert into sparky.post_tags (post_id, tag_id) values (76, 2);
insert into sparky.post_tags (post_id, tag_id) values (76, 3);
insert into sparky.posts (id, user_id, post_date, message, image_path) values (77, 3, '2016-10-25 17:54', ' #pytanie placerat. Nullam nec dapibus magna, eget aliquet nunc. Cras id sem ipsum. Praesent enim enim, fringilla vel neque in, dapibus f', 'assets/images/6.jpg');
insert into sparky.post_tags (post_id, tag_id) values (77, 4);
insert into sparky.posts (id, user_id, post_date, message, image_path) values (78, 8, '2016-02-27 15:49', 'pus nisl #pytanie laoreet.Proin laoreet dolor #gry leo, imperdiet lacinia magna tempor lobortis. Sed sed urna eu mi finibus consectetur et eui', 'assets/images/9.jpg');
insert into sparky.post_tags (post_id, tag_id) values (78, 4);
insert into sparky.post_tags (post_id, tag_id) values (78, 5);
insert into sparky.posts (id, user_id, post_date, message, image_path) values (79, 5, '2016-12-22 11:19', 'Aliquam in quam non urna #gry iaculis dapibus. #ciekawostki #gotowanie Class aptent taciti sociosqu ad litora torquent per conubia nostra, per inceptos himen', 'assets/images/11.jpg');
insert into sparky.post_tags (post_id, tag_id) values (79, 7);
insert into sparky.post_tags (post_id, tag_id) values (79, 5);
insert into sparky.post_tags (post_id, tag_id) values (79, 11);
insert into sparky.posts (id, user_id, post_date, message, image_path) values (80, 4, '2016-07-12 02:03', 'on sem quis urna tempor tincidunt vel #koty tincidunt tortor. Ut posuere nisi lacus, vitae ultricies erat hendrerit #ciekawostki tincidunt. Etiam p', '');
insert into sparky.post_tags (post_id, tag_id) values (80, 7);
insert into sparky.post_tags (post_id, tag_id) values (80, 3);
insert into sparky.posts (id, user_id, post_date, message, image_path) values (81, 9, '2016-02-13 21:22', ' Cras a faucibus elit, ultrices finibus orci. Nullam fermentum ligula nec orci cursus #gotowanie iaculis. Vivamus odio enim, tempus element', '');
insert into sparky.post_tags (post_id, tag_id) values (81, 11);
insert into sparky.posts (id, user_id, post_date, message, image_path) values (82, 10, '2016-03-28 15:08', 's aliquam #muzyka #koty euismod, fringilla ac nibh. #psy Curabitur eleifend sed purus nec suscipit.Morbi efficitur sollicitudin lorem, at pretium n', '');
insert into sparky.post_tags (post_id, tag_id) values (82, 1);
insert into sparky.post_tags (post_id, tag_id) values (82, 2);
insert into sparky.post_tags (post_id, tag_id) values (82, 3);
insert into sparky.posts (id, user_id, post_date, message, image_path) values (83, 3, '2016-05-31 00:48', 'r ut, mollis et #news arcu. Nam vitae nisl #psy diam. Pellentesque habitant morbi tristique senectus et netus et #gotowanie malesuada fames ac turpis ', 'assets/images/11.jpg');
insert into sparky.post_tags (post_id, tag_id) values (83, 9);
insert into sparky.post_tags (post_id, tag_id) values (83, 2);
insert into sparky.post_tags (post_id, tag_id) values (83, 11);
insert into sparky.posts (id, user_id, post_date, message, image_path) values (84, 6, '2016-08-30 02:46', 'ismod dolor tincidunt neque dignissim dapibus. Aliquam sed dictum #koty nibh. Cras a faucibus elit, ultrices finibus #gry orci. Nullam ferm', 'assets/images/14.jpg');
insert into sparky.post_tags (post_id, tag_id) values (84, 3);
insert into sparky.post_tags (post_id, tag_id) values (84, 5);
insert into sparky.posts (id, user_id, post_date, message, image_path) values (85, 1, '2016-09-03 00:55', 'ue semper nunc enim, quis volutpat risus sollicitudin vel. #polityka Aliquam in quam non urna iaculis dapibus. Class #gry aptent #humor #news taciti sociosq', 'assets/images/4.jpg');
insert into sparky.post_tags (post_id, tag_id) values (85, 9);
insert into sparky.post_tags (post_id, tag_id) values (85, 8);
insert into sparky.post_tags (post_id, tag_id) values (85, 6);
insert into sparky.post_tags (post_id, tag_id) values (85, 5);
insert into sparky.posts (id, user_id, post_date, message, image_path) values (86, 12, '2016-10-13 03:06', 'giat arcu. #ciekawostki Etiam placerat eu #psy nisi non pretium. #news In euismod dolor #muzyka tincidunt neque dignissim dapibus. Aliquam sed dictum nibh. Cras', '');
insert into sparky.post_tags (post_id, tag_id) values (86, 9);
insert into sparky.post_tags (post_id, tag_id) values (86, 7);
insert into sparky.post_tags (post_id, tag_id) values (86, 2);
insert into sparky.post_tags (post_id, tag_id) values (86, 1);
insert into sparky.posts (id, user_id, post_date, message, image_path) values (87, 13, '2016-09-02 00:44', 'tincidunt.Nulla facilisi. Fusce maximus ipsum #news #pytanie sodales tellus commodo vestibulum. Donec felis est, blandit sit amet neque #polityka at, con', 'assets/images/5.jpg');
insert into sparky.post_tags (post_id, tag_id) values (87, 4);
insert into sparky.post_tags (post_id, tag_id) values (87, 9);
insert into sparky.post_tags (post_id, tag_id) values (87, 6);
insert into sparky.posts (id, user_id, post_date, message, image_path) values (88, 13, '2016-02-09 16:07', 'os himenaeos. Donec ac lorem ante. Sed dolor #koty sem, ornare eget efficitur ut, mollis et arcu. Nam vitae nisl diam. Pellentesque ha', '');
insert into sparky.post_tags (post_id, tag_id) values (88, 3);
insert into sparky.posts (id, user_id, post_date, message, image_path) values (89, 3, '2016-07-20 09:12', 'm placerat eu nisi non pretium. In euismod #pytanie dolor tincidunt neque dignissim dapibus. Aliquam #muzyka sed dictum nibh. Cras a #gluten faucibus eli', '');
insert into sparky.post_tags (post_id, tag_id) values (89, 4);
insert into sparky.post_tags (post_id, tag_id) values (89, 10);
insert into sparky.post_tags (post_id, tag_id) values (89, 1);
insert into sparky.posts (id, user_id, post_date, message, image_path) values (90, 10, '2017-01-08 04:21', 'tudin quam quis faucibus. Donec venenatis pellentesque orci id imperdiet. Suspendisse potenti. Mauris scelerisque #gry diam ac egesta', 'assets/images/10.jpg');
insert into sparky.post_tags (post_id, tag_id) values (90, 5);
insert into sparky.posts (id, user_id, post_date, message, image_path) values (91, 12, '2016-11-18 12:24', '#pytanie us ipsum sodales tellus commodo vestibulum. Donec felis est, blandit sit amet #ciekawostki neque at, convallis lobortis eros. #psy Duis accumsan s', '');
insert into sparky.post_tags (post_id, tag_id) values (91, 4);
insert into sparky.post_tags (post_id, tag_id) values (91, 7);
insert into sparky.post_tags (post_id, tag_id) values (91, 2);
insert into sparky.posts (id, user_id, post_date, message, image_path) values (92, 2, '2016-09-15 00:48', 'lis et arcu. Nam vitae #gotowanie nisl diam. Pellentesque habitant morbi tristique senectus et netus et malesuada fames #gry ac #koty turpis egestas. ', '');
insert into sparky.post_tags (post_id, tag_id) values (92, 3);
insert into sparky.post_tags (post_id, tag_id) values (92, 5);
insert into sparky.post_tags (post_id, tag_id) values (92, 11);
insert into sparky.posts (id, user_id, post_date, message, image_path) values (93, 14, '2016-12-15 23:41', 'senectus et #news netus #ciekawostki et malesuada fames ac turpis egestas. Ut semper dolor non orci #pytanie condimentum #muzyka luctus. Maecenas at ex metus. Aliqu', 'assets/images/3.jpg');
insert into sparky.post_tags (post_id, tag_id) values (93, 9);
insert into sparky.post_tags (post_id, tag_id) values (93, 4);
insert into sparky.post_tags (post_id, tag_id) values (93, 7);
insert into sparky.post_tags (post_id, tag_id) values (93, 1);
insert into sparky.posts (id, user_id, post_date, message, image_path) values (94, 3, '2016-08-13 00:13', 'am nec #koty dapibus magna, eget #polityka aliquet nunc. Cras id sem ipsum. Praesent #gotowanie #humor enim enim, fringilla vel neque in, dapibus fringilla eros. ', 'assets/images/10.jpg');
insert into sparky.post_tags (post_id, tag_id) values (94, 8);
insert into sparky.post_tags (post_id, tag_id) values (94, 6);
insert into sparky.post_tags (post_id, tag_id) values (94, 3);
insert into sparky.post_tags (post_id, tag_id) values (94, 11);
insert into sparky.posts (id, user_id, post_date, message, image_path) values (95, 4, '2016-03-29 14:32', 'lacinia tellus, sit amet laoreet odio dui a #polityka leo. Cras lectus risus, imperdiet mollis aliquam euismod, fringilla ac #psy nibh. Curabit', '');
insert into sparky.post_tags (post_id, tag_id) values (95, 6);
insert into sparky.post_tags (post_id, tag_id) values (95, 2);
insert into sparky.posts (id, user_id, post_date, message, image_path) values (96, 10, '2016-11-21 14:26', 'rna eu mi finibus consectetur et euismod odio. In non feugiat arcu. Etiam #news placerat eu #polityka #ciekawostki nisi non pretium. In euismod dolor tincidu', '');
insert into sparky.post_tags (post_id, tag_id) values (96, 9);
insert into sparky.post_tags (post_id, tag_id) values (96, 7);
insert into sparky.post_tags (post_id, tag_id) values (96, 6);
insert into sparky.posts (id, user_id, post_date, message, image_path) values (97, 6, '2016-09-23 10:55', 'dictum nibh. Cras a faucibus elit, #humor ultrices finibus orci. #gry Nullam fermentum ligula nec orci cursus iaculis. Vivamus odio enim, te', 'assets/images/6.jpg');
insert into sparky.post_tags (post_id, tag_id) values (97, 8);
insert into sparky.post_tags (post_id, tag_id) values (97, 5);
insert into sparky.posts (id, user_id, post_date, message, image_path) values (98, 2, '2016-02-05 23:18', 'lla pellentesque laoreet. Aenean #koty non sem quis urna tempor tincidunt vel tincidunt tortor. Ut posuere nisi lacus, vitae ultricies', 'assets/images/16.jpg');
insert into sparky.post_tags (post_id, tag_id) values (98, 3);
insert into sparky.posts (id, user_id, post_date, message, image_path) values (99, 4, '2016-05-23 16:33', 'ex sed odio elementum, vel tempus nisl laoreet.Proin laoreet dolor leo, imperdiet lacinia magna tempor #muzyka lobortis. Sed #gluten sed urna eu', '');
insert into sparky.post_tags (post_id, tag_id) values (99, 10);
insert into sparky.post_tags (post_id, tag_id) values (99, 1);
insert into sparky.posts (id, user_id, post_date, message, image_path) values (100, 8, '2016-04-28 11:59', 'ac lorem ante. #gluten Sed dolor sem, ornare eget efficitur ut, mollis et arcu. Nam vitae nisl diam. Pellentesque habitant morbi tristiq', '');
insert into sparky.post_tags (post_id, tag_id) values (100, 10);
insert into sparky.posts (id, user_id, post_date, message, image_path) values (101, 4, '2016-03-13 14:41', 'sectetur dapibus nibh. Etiam eget finibus lorem, sit amet faucibus #gotowanie ante. Nulla lobortis ipsum quis nulla pellentesque laoreet. A', 'assets/images/15.jpg');
insert into sparky.post_tags (post_id, tag_id) values (101, 11);
insert into sparky.posts (id, user_id, post_date, message, image_path) values (102, 14, '2016-03-31 17:32', 's scelerisque diam ac egestas fermentum. Proin sit amet mattis quam. Sed dictum nulla id #gry viverra tincidunt.Nulla facilisi. Fusce', 'assets/images/10.jpg');
insert into sparky.post_tags (post_id, tag_id) values (102, 5);
insert into sparky.posts (id, user_id, post_date, message, image_path) values (103, 3, '2016-08-04 12:40', 'uis faucibus. Donec venenatis pellentesque orci id imperdiet. #koty Suspendisse potenti. Mauris scelerisque #pytanie diam ac egestas fermentum.', 'assets/images/4.jpg');
insert into sparky.post_tags (post_id, tag_id) values (103, 4);
insert into sparky.post_tags (post_id, tag_id) values (103, 3);
insert into sparky.posts (id, user_id, post_date, message, image_path) values (104, 12, '2016-10-03 23:20', 's sollicitudin vel. Aliquam in quam non urna #psy iaculis dapibus. Class aptent taciti sociosqu #pytanie ad litora torquent per conubia nostra', 'assets/images/14.jpg');
insert into sparky.post_tags (post_id, tag_id) values (104, 4);
insert into sparky.post_tags (post_id, tag_id) values (104, 2);
insert into sparky.posts (id, user_id, post_date, message, image_path) values (105, 11, '2016-02-11 06:36', 'onubia nostra, per inceptos himenaeos. Donec ac lorem ante. Sed dolor sem, ornare eget #news efficitur ut, #koty mollis et arcu. Nam vitae n', 'assets/images/11.jpg');
insert into sparky.post_tags (post_id, tag_id) values (105, 9);
insert into sparky.post_tags (post_id, tag_id) values (105, 3);
insert into sparky.posts (id, user_id, post_date, message, image_path) values (106, 11, '2016-10-24 15:21', 'dolor leo, imperdiet lacinia magna tempor lobortis. Sed sed urna eu mi finibus #gluten consectetur #news et euismod odio. In non feugiat arcu.', 'assets/images/8.jpg');
insert into sparky.post_tags (post_id, tag_id) values (106, 9);
insert into sparky.post_tags (post_id, tag_id) values (106, 10);
insert into sparky.posts (id, user_id, post_date, message, image_path) values (107, 14, '2016-10-16 13:35', 'placerat eu nisi non pretium. In #gry euismod dolor tincidunt neque dignissim dapibus. Aliquam sed dictum nibh. #pytanie Cras a faucibus elit,', '');
insert into sparky.post_tags (post_id, tag_id) values (107, 4);
insert into sparky.post_tags (post_id, tag_id) values (107, 5);
insert into sparky.posts (id, user_id, post_date, message, image_path) values (108, 5, '2016-12-20 07:05', 'ucibus. Donec venenatis pellentesque #gotowanie orci id imperdiet. Suspendisse potenti. Mauris scelerisque diam ac egestas fermentum. Proin', 'assets/images/4.jpg');
insert into sparky.post_tags (post_id, tag_id) values (108, 11);
insert into sparky.posts (id, user_id, post_date, message, image_path) values (109, 8, '2016-08-27 07:35', 'dunt #gluten vel tincidunt #koty tortor. Ut posuere nisi lacus, #news vitae ultricies erat hendrerit tincidunt. Etiam #ciekawostki pharetra tincidunt porta. Phas', 'assets/images/12.jpg');
insert into sparky.post_tags (post_id, tag_id) values (109, 9);
insert into sparky.post_tags (post_id, tag_id) values (109, 7);
insert into sparky.post_tags (post_id, tag_id) values (109, 10);
insert into sparky.post_tags (post_id, tag_id) values (109, 3);
insert into sparky.posts (id, user_id, post_date, message, image_path) values (110, 2, '2016-04-04 10:44', '#gluten  lorem, #muzyka sit amet faucibus ante. Nulla lobortis ipsum quis nulla pellentesque laoreet. Aenean non sem quis #news urna tempor tincidunt ', '');
insert into sparky.post_tags (post_id, tag_id) values (110, 9);
insert into sparky.post_tags (post_id, tag_id) values (110, 10);
insert into sparky.post_tags (post_id, tag_id) values (110, 1);
insert into sparky.posts (id, user_id, post_date, message, image_path) values (111, 4, '2017-01-06 17:21', 'na tempor #psy lobortis. Sed sed urna eu mi finibus consectetur et euismod odio. In non feugiat arcu. Etiam placerat eu nisi non pret', '');
insert into sparky.post_tags (post_id, tag_id) values (111, 2);
insert into sparky.posts (id, user_id, post_date, message, image_path) values (112, 14, '2016-04-03 01:04', 'on pretium. In euismod #humor dolor tincidunt neque dignissim dapibus. Aliquam sed dictum nibh. Cras a faucibus elit, ultrices finibus ', 'assets/images/11.jpg');
insert into sparky.post_tags (post_id, tag_id) values (112, 8);
insert into sparky.posts (id, user_id, post_date, message, image_path) values (113, 14, '2016-03-07 03:10', 'et, consectetur adipiscing elit. #muzyka Pellentesque #psy quis ipsum et sapien euismod consequat. Pellentesque semper nunc #gry enim, quis volutp', 'assets/images/16.jpg');
insert into sparky.post_tags (post_id, tag_id) values (113, 2);
insert into sparky.post_tags (post_id, tag_id) values (113, 1);
insert into sparky.post_tags (post_id, tag_id) values (113, 5);
insert into sparky.posts (id, user_id, post_date, message, image_path) values (114, 8, '2016-02-06 07:52', 'tos #gotowanie himenaeos. Donec ac lorem ante. Sed dolor sem, ornare eget efficitur ut, mollis #polityka et arcu. Nam vitae nisl diam. Pellentesque h', '');
insert into sparky.post_tags (post_id, tag_id) values (114, 6);
insert into sparky.post_tags (post_id, tag_id) values (114, 11);
insert into sparky.posts (id, user_id, post_date, message, image_path) values (115, 4, '2016-08-08 01:03', 'tesque orci id imperdiet. Suspendisse potenti. Mauris scelerisque diam ac egestas #gry fermentum. Proin sit amet mattis quam. Sed dic', '');
insert into sparky.post_tags (post_id, tag_id) values (115, 5);
insert into sparky.posts (id, user_id, post_date, message, image_path) values (116, 12, '2016-03-16 09:25', 'elerisque diam #gry #muzyka ac egestas fermentum. Proin sit #gluten amet mattis quam. Sed dictum nulla id viverra tincidunt.Nulla facilisi. Fusce max', '');
insert into sparky.post_tags (post_id, tag_id) values (116, 10);
insert into sparky.post_tags (post_id, tag_id) values (116, 1);
insert into sparky.post_tags (post_id, tag_id) values (116, 5);
insert into sparky.posts (id, user_id, post_date, message, image_path) values (117, 6, '2016-05-17 21:58', 'e quis #muzyka ipsum et sapien euismod consequat. Pellentesque semper nunc enim, quis volutpat risus sollicitudin vel. #koty Aliquam in quam n', 'assets/images/5.jpg');
insert into sparky.post_tags (post_id, tag_id) values (117, 1);
insert into sparky.post_tags (post_id, tag_id) values (117, 3);
insert into sparky.posts (id, user_id, post_date, message, image_path) values (118, 4, '2016-10-31 10:54', '#muzyka ulis #gluten elementum, nunc est lacinia tellus, sit amet laoreet odio dui a leo. Cras lectus risus, imperdiet mollis aliquam euismod, f', '');
insert into sparky.post_tags (post_id, tag_id) values (118, 10);
insert into sparky.post_tags (post_id, tag_id) values (118, 1);
insert into sparky.posts (id, user_id, post_date, message, image_path) values (119, 14, '2016-06-04 11:39', 'Pellentesque quis #humor #pytanie ipsum et sapien euismod consequat. Pellentesque semper nunc enim, quis volutpat #muzyka risus sollicitudin vel. Aliqua', 'assets/images/16.jpg');
insert into sparky.post_tags (post_id, tag_id) values (119, 4);
insert into sparky.post_tags (post_id, tag_id) values (119, 8);
insert into sparky.post_tags (post_id, tag_id) values (119, 1);
insert into sparky.posts (id, user_id, post_date, message, image_path) values (120, 1, '2016-09-29 11:04', 'l tincidunt tortor. Ut posuere nisi lacus, vitae ultricies #koty erat hendrerit tincidunt. Etiam pharetra tincidunt porta. Phasellus e', '');
insert into sparky.post_tags (post_id, tag_id) values (120, 3);
insert into sparky.posts (id, user_id, post_date, message, image_path) values (121, 1, '2016-02-08 14:07', 'nec orci cursus iaculis. Vivamus odio enim, tempus elementum nisi non, consectetur #psy #ciekawostki dapibus nibh. Etiam eget finibus lorem, #muzyka sit a', 'assets/images/12.jpg');
insert into sparky.post_tags (post_id, tag_id) values (121, 7);
insert into sparky.post_tags (post_id, tag_id) values (121, 1);
insert into sparky.post_tags (post_id, tag_id) values (121, 2);
insert into sparky.posts (id, user_id, post_date, message, image_path) values (122, 8, '2016-05-10 11:03', 'r non orci condimentum #pytanie luctus. Maecenas at ex metus. Aliquam consectetur, lacus in iaculis elementum, nunc est lacinia tellus, s', '');
insert into sparky.post_tags (post_id, tag_id) values (122, 4);
insert into sparky.posts (id, user_id, post_date, message, image_path) values (123, 5, '2016-08-24 06:26', 'tiam eget finibus lorem, sit amet faucibus ante. Nulla lobortis ipsum #gotowanie quis nulla pellentesque laoreet. Aenean non sem quis urna ', 'assets/images/2.jpg');
insert into sparky.post_tags (post_id, tag_id) values (123, 11);
insert into sparky.posts (id, user_id, post_date, message, image_path) values (124, 9, '2017-01-05 20:20', '#news t amet accumsan. Etiam porttitor nisl a tincidunt placerat. Nullam #muzyka nec dapibus magna, eget aliquet nunc. Cras id sem ipsum. Prae', 'assets/images/12.jpg');
insert into sparky.post_tags (post_id, tag_id) values (124, 9);
insert into sparky.post_tags (post_id, tag_id) values (124, 1);
insert into sparky.posts (id, user_id, post_date, message, image_path) values (125, 2, '2016-05-03 18:31', 'efficitur #pytanie sollicitudin #gotowanie #koty lorem, at pretium nunc ultricies ut. #humor Sed bibendum sollicitudin quam quis faucibus. Donec venenatis pellen', 'assets/images/8.jpg');
insert into sparky.post_tags (post_id, tag_id) values (125, 4);
insert into sparky.post_tags (post_id, tag_id) values (125, 8);
insert into sparky.post_tags (post_id, tag_id) values (125, 3);
insert into sparky.post_tags (post_id, tag_id) values (125, 11);
insert into sparky.posts (id, user_id, post_date, message, image_path) values (126, 6, '2016-03-23 05:58', 'a #koty ac nibh. Curabitur eleifend sed purus nec suscipit.Morbi efficitur sollicitudin #polityka lorem, at pretium nunc ultricies ut. #news Sed biben', 'assets/images/8.jpg');
insert into sparky.post_tags (post_id, tag_id) values (126, 9);
insert into sparky.post_tags (post_id, tag_id) values (126, 6);
insert into sparky.post_tags (post_id, tag_id) values (126, 3);
insert into sparky.posts (id, user_id, post_date, message, image_path) values (127, 2, '2016-11-19 12:27', 'fames ac turpis egestas. Ut semper #gluten dolor non orci condimentum luctus. Maecenas at #muzyka ex metus. Aliquam consectetur, lacus in iaculi', '');
insert into sparky.post_tags (post_id, tag_id) values (127, 10);
insert into sparky.post_tags (post_id, tag_id) values (127, 1);
insert into sparky.posts (id, user_id, post_date, message, image_path) values (128, 9, '2016-07-10 09:43', ' maximus ipsum sodales tellus commodo vestibulum. Donec felis est, blandit sit amet #gry neque at, #news convallis lobortis eros. Duis accu', 'assets/images/1.jpg');
insert into sparky.post_tags (post_id, tag_id) values (128, 9);
insert into sparky.post_tags (post_id, tag_id) values (128, 5);
insert into sparky.posts (id, user_id, post_date, message, image_path) values (129, 5, '2016-04-08 13:10', 'a ac nibh. #psy Curabitur eleifend sed purus #gluten nec suscipit.Morbi efficitur sollicitudin lorem, at pretium nunc ultricies ut. Sed biben', 'assets/images/10.jpg');
insert into sparky.post_tags (post_id, tag_id) values (129, 10);
insert into sparky.post_tags (post_id, tag_id) values (129, 2);
insert into sparky.posts (id, user_id, post_date, message, image_path) values (130, 13, '2016-04-09 04:36', '#humor lass aptent taciti sociosqu ad litora torquent per conubia nostra, per inceptos himenaeos. Donec ac lorem ante. Sed dolor #muzyka sem, o', '');
insert into sparky.post_tags (post_id, tag_id) values (130, 8);
insert into sparky.post_tags (post_id, tag_id) values (130, 1);
insert into sparky.posts (id, user_id, post_date, message, image_path) values (131, 2, '2016-07-17 08:46', '#muzyka tum nulla id viverra tincidunt.Nulla facilisi. Fusce maximus #gotowanie ipsum sodales tellus commodo vestibulum. Donec felis est, blandit s', 'assets/images/6.jpg');
insert into sparky.post_tags (post_id, tag_id) values (131, 1);
insert into sparky.post_tags (post_id, tag_id) values (131, 11);
insert into sparky.posts (id, user_id, post_date, message, image_path) values (132, 11, '2016-04-09 09:16', 'dio. In non feugiat arcu. Etiam #pytanie placerat eu nisi non pretium. In euismod #muzyka dolor tincidunt neque dignissim dapibus. Aliquam sed di', 'assets/images/6.jpg');
insert into sparky.post_tags (post_id, tag_id) values (132, 4);
insert into sparky.post_tags (post_id, tag_id) values (132, 1);
insert into sparky.posts (id, user_id, post_date, message, image_path) values (133, 12, '2016-02-01 20:05', 'qu ad #gry litora torquent per conubia nostra, per inceptos #gotowanie himenaeos. Donec ac lorem #humor ante. Sed dolor sem, ornare eget efficitur ut, ', 'assets/images/8.jpg');
insert into sparky.post_tags (post_id, tag_id) values (133, 8);
insert into sparky.post_tags (post_id, tag_id) values (133, 5);
insert into sparky.post_tags (post_id, tag_id) values (133, 11);
insert into sparky.posts (id, user_id, post_date, message, image_path) values (134, 1, '2016-05-26 04:37', 'nc est lacinia tellus, sit amet laoreet odio dui a #humor leo. Cras lectus risus, imperdiet mollis aliquam euismod, fringilla #psy ac nibh. ', 'assets/images/14.jpg');
insert into sparky.post_tags (post_id, tag_id) values (134, 8);
insert into sparky.post_tags (post_id, tag_id) values (134, 2);
insert into sparky.posts (id, user_id, post_date, message, image_path) values (135, 14, '2016-07-13 18:45', '#gry que senectus et netus et malesuada fames ac turpis egestas. Ut semper dolor non orci condimentum luctus. Maecenas at ex #ciekawostki metus. A', '');
insert into sparky.post_tags (post_id, tag_id) values (135, 7);
insert into sparky.post_tags (post_id, tag_id) values (135, 5);
insert into sparky.posts (id, user_id, post_date, message, image_path) values (136, 8, '2016-08-18 16:19', 'iet. Suspendisse potenti. Mauris scelerisque diam ac egestas fermentum. Proin #gry sit amet mattis quam. Sed #pytanie dictum nulla #polityka id viverra ', 'assets/images/7.jpg');
insert into sparky.post_tags (post_id, tag_id) values (136, 4);
insert into sparky.post_tags (post_id, tag_id) values (136, 6);
insert into sparky.post_tags (post_id, tag_id) values (136, 5);
insert into sparky.posts (id, user_id, post_date, message, image_path) values (137, 7, '2016-09-30 07:35', 'm, vel #muzyka tempus nisl #polityka laoreet.Proin laoreet dolor leo, imperdiet lacinia magna tempor lobortis. Sed sed urna eu mi finibus consecte', '');
insert into sparky.post_tags (post_id, tag_id) values (137, 6);
insert into sparky.post_tags (post_id, tag_id) values (137, 1);
insert into sparky.posts (id, user_id, post_date, message, image_path) values (138, 10, '2016-02-11 21:16', 'icitudin lorem, at pretium nunc ultricies ut. Sed bibendum sollicitudin #muzyka quam quis faucibus. Donec venenatis pellentesque #ciekawostki orci id', 'assets/images/7.jpg');
insert into sparky.post_tags (post_id, tag_id) values (138, 7);
insert into sparky.post_tags (post_id, tag_id) values (138, 1);
insert into sparky.posts (id, user_id, post_date, message, image_path) values (139, 3, '2016-05-20 03:47', 'smod dolor tincidunt neque dignissim dapibus. Aliquam sed dictum nibh. Cras a faucibus #gry elit, ultrices finibus #koty orci. Nullam ferme', 'assets/images/9.jpg');
insert into sparky.post_tags (post_id, tag_id) values (139, 3);
insert into sparky.post_tags (post_id, tag_id) values (139, 5);
insert into sparky.posts (id, user_id, post_date, message, image_path) values (140, 14, '2016-03-13 02:14', 'ibus. Class aptent taciti sociosqu #muzyka ad litora torquent per conubia nostra, per inceptos himenaeos. Donec ac lorem ante. Sed dolor', '');
insert into sparky.post_tags (post_id, tag_id) values (140, 1);
insert into sparky.posts (id, user_id, post_date, message, image_path) values (141, 6, '2016-04-25 19:57', 'im, fringilla vel #gotowanie neque in, dapibus fringilla eros. Integer laoreet ex sed odio elementum, vel tempus #muzyka nisl laoreet.Proin laoreet', 'assets/images/6.jpg');
insert into sparky.post_tags (post_id, tag_id) values (141, 1);
insert into sparky.post_tags (post_id, tag_id) values (141, 11);
insert into sparky.posts (id, user_id, post_date, message, image_path) values (142, 6, '2016-07-23 21:05', 'efficitur sollicitudin lorem, at pretium nunc ultricies #koty ut. Sed bibendum sollicitudin quam quis faucibus. Donec venenatis pellen', 'assets/images/13.jpg');
insert into sparky.post_tags (post_id, tag_id) values (142, 3);
insert into sparky.posts (id, user_id, post_date, message, image_path) values (143, 9, '2016-03-15 01:16', 't aliquet nunc. Cras id sem ipsum. Praesent enim enim, fringilla vel #ciekawostki neque in, dapibus fringilla eros. Integer #pytanie #gotowanie laoreet ex sed od', '');
insert into sparky.post_tags (post_id, tag_id) values (143, 4);
insert into sparky.post_tags (post_id, tag_id) values (143, 7);
insert into sparky.post_tags (post_id, tag_id) values (143, 11);
insert into sparky.posts (id, user_id, post_date, message, image_path) values (144, 13, '2016-12-14 10:04', 'sl diam. Pellentesque habitant morbi tristique #humor senectus et netus #ciekawostki et malesuada fames ac turpis egestas. Ut semper dolor #psy non orci ', 'assets/images/16.jpg');
insert into sparky.post_tags (post_id, tag_id) values (144, 7);
insert into sparky.post_tags (post_id, tag_id) values (144, 8);
insert into sparky.post_tags (post_id, tag_id) values (144, 2);
insert into sparky.posts (id, user_id, post_date, message, image_path) values (145, 9, '2016-05-03 21:12', 't. Sed bibendum #muzyka sollicitudin quam #news quis faucibus. Donec venenatis pellentesque #gluten orci id imperdiet. Suspendisse potenti. Mauris sce', 'assets/images/6.jpg');
insert into sparky.post_tags (post_id, tag_id) values (145, 9);
insert into sparky.post_tags (post_id, tag_id) values (145, 10);
insert into sparky.post_tags (post_id, tag_id) values (145, 1);
insert into sparky.posts (id, user_id, post_date, message, image_path) values (146, 12, '2016-10-04 21:54', '#psy itora torquent per #polityka conubia nostra, per inceptos himenaeos. Donec ac lorem ante. Sed dolor sem, ornare eget efficitur #pytanie #gluten ut, mollis ', 'assets/images/16.jpg');
insert into sparky.post_tags (post_id, tag_id) values (146, 4);
insert into sparky.post_tags (post_id, tag_id) values (146, 10);
insert into sparky.post_tags (post_id, tag_id) values (146, 2);
insert into sparky.post_tags (post_id, tag_id) values (146, 6);
insert into sparky.posts (id, user_id, post_date, message, image_path) values (147, 5, '2016-11-11 01:40', 'incidunt placerat. Nullam nec dapibus magna, eget aliquet nunc. Cras id sem ipsum. Praesent enim enim, fringilla #gotowanie vel neque in, d', 'assets/images/1.jpg');
insert into sparky.post_tags (post_id, tag_id) values (147, 11);
insert into sparky.posts (id, user_id, post_date, message, image_path) values (148, 2, '2016-05-05 00:15', 'it amet #polityka neque at, convallis lobortis eros. Duis #muzyka accumsan sagittis #gry suscipit. Proin egestas fermentum elit sit amet accumsan. Etia', 'assets/images/7.jpg');
insert into sparky.post_tags (post_id, tag_id) values (148, 1);
insert into sparky.post_tags (post_id, tag_id) values (148, 6);
insert into sparky.post_tags (post_id, tag_id) values (148, 5);
insert into sparky.posts (id, user_id, post_date, message, image_path) values (149, 1, '2016-09-17 04:56', 'fermentum ligula nec orci cursus #humor iaculis. Vivamus odio #psy enim, #news tempus elementum nisi non, consectetur dapibus nibh. Etiam eget fin', 'assets/images/15.jpg');
insert into sparky.post_tags (post_id, tag_id) values (149, 9);
insert into sparky.post_tags (post_id, tag_id) values (149, 8);
insert into sparky.post_tags (post_id, tag_id) values (149, 2);